perf10983943892@example.com,Perf@321
perf11085134393@example.com,Perf@321
perf11572463465@example.com,Perf@321
perf11689899399@example.com,Perf@321
perf11649833343@example.com,Perf@321
perf11656115595@example.com,Perf@321
perf11021979225@example.com,Perf@321
perf10348680677@example.com,Perf@321
perf11724860140@example.com,Perf@321
perf11122441567@example.com,Perf@321
perf12047623570@example.com,Perf@321
perf11837244400@example.com,Perf@321
perf10351291244@example.com,Perf@321
perf10654111071@example.com,Perf@321
perf11744622321@example.com,Perf@321
perf10680700021@example.com,Perf@321
perf11324946627@example.com,Perf@321
perf12094158492@example.com,Perf@321
perf10250858215@example.com,Perf@321
perf11836035001@example.com,Perf@321
perf11499814770@example.com,Perf@321
perf10471286791@example.com,Perf@321
perf12035473978@example.com,Perf@321
perf10704569382@example.com,Perf@321
perf10738723088@example.com,Perf@321
perf12126112093@example.com,Perf@321
perf10802325066@example.com,Perf@321
perf10710123842@example.com,Perf@321
perf10584213466@example.com,Perf@321
perf10019025941@example.com,Perf@321
perf11206756461@example.com,Perf@321
perf10389092397@example.com,Perf@321
perf10832819116@example.com,Perf@321
perf10379122563@example.com,Perf@321
perf11476187963@example.com,Perf@321
perf10383173168@example.com,Perf@321
perf12143658729@example.com,Perf@321
perf11374358735@example.com,Perf@321
perf11635083333@example.com,Perf@321
perf11204243986@example.com,Perf@321
perf11325447566@example.com,Perf@321
perf11318302065@example.com,Perf@321
perf11846777059@example.com,Perf@321
perf10273893602@example.com,Perf@321
perf11655519339@example.com,Perf@321
perf10156436173@example.com,Perf@321
perf10754200977@example.com,Perf@321
perf10751456278@example.com,Perf@321
perf11592231938@example.com,Perf@321
perf10827715572@example.com,Perf@321
perf11561235119@example.com,Perf@321
perf10045858900@example.com,Perf@321
perf11700456616@example.com,Perf@321
perf11577939702@example.com,Perf@321
perf12098387904@example.com,Perf@321
perf11507925680@example.com,Perf@321
perf11086914056@example.com,Perf@321
perf11970252816@example.com,Perf@321
perf10060627223@example.com,Perf@321
perf10894206504@example.com,Perf@321
perf10297504000@example.com,Perf@321
perf11238775841@example.com,Perf@321
perf11817297059@example.com,Perf@321
perf10766579720@example.com,Perf@321
perf10442568868@example.com,Perf@321
perf11951320150@example.com,Perf@321
perf10289718857@example.com,Perf@321
perf10655710021@example.com,Perf@321
perf11971690366@example.com,Perf@321
perf10727871811@example.com,Perf@321
perf10380330178@example.com,Perf@321
perf11546991375@example.com,Perf@321
perf10721835575@example.com,Perf@321
perf10909063707@example.com,Perf@321
perf10737781499@example.com,Perf@321
perf12101475147@example.com,Perf@321
perf10847718787@example.com,Perf@321
perf10675515176@example.com,Perf@321
perf11952312342@example.com,Perf@321
perf12017873802@example.com,Perf@321
perf12036122120@example.com,Perf@321
perf12005573633@example.com,Perf@321
perf10383938494@example.com,Perf@321
perf10213380620@example.com,Perf@321
perf11393714192@example.com,Perf@321
perf11497262732@example.com,Perf@321
perf11548006743@example.com,Perf@321
perf11059458350@example.com,Perf@321
perf10667992393@example.com,Perf@321
perf11918848939@example.com,Perf@321
perf10933419463@example.com,Perf@321
perf11693404034@example.com,Perf@321
perf11413770414@example.com,Perf@321
perf11913196826@example.com,Perf@321
perf11310435720@example.com,Perf@321
perf11715876065@example.com,Perf@321
perf10889538117@example.com,Perf@321
perf11198713197@example.com,Perf@321
perf11513103221@example.com,Perf@321
perf11742509860@example.com,Perf@321
perf11342434225@example.com,Perf@321
perf11198905222@example.com,Perf@321
perf10834635787@example.com,Perf@321
perf11778752921@example.com,Perf@321
perf10858828383@example.com,Perf@321
perf10323439948@example.com,Perf@321
perf10098479907@example.com,Perf@321
perf12107431703@example.com,Perf@321
perf10057976795@example.com,Perf@321
perf11564827791@example.com,Perf@321
perf11328847133@example.com,Perf@321
perf10910310208@example.com,Perf@321
perf10383298096@example.com,Perf@321
perf10710278106@example.com,Perf@321
perf10342038917@example.com,Perf@321
perf11587746572@example.com,Perf@321
perf11707330892@example.com,Perf@321
perf12109514998@example.com,Perf@321
perf11642795326@example.com,Perf@321
perf11051508909@example.com,Perf@321
perf11751082738@example.com,Perf@321
perf10919282161@example.com,Perf@321
perf10322202495@example.com,Perf@321
perf11891950724@example.com,Perf@321
perf10871774815@example.com,Perf@321
perf12078550834@example.com,Perf@321
perf10094499410@example.com,Perf@321
perf11959086292@example.com,Perf@321
perf11974036694@example.com,Perf@321
perf11779136100@example.com,Perf@321
perf10630531498@example.com,Perf@321
perf10430203322@example.com,Perf@321
perf10163398356@example.com,Perf@321
perf11157100031@example.com,Perf@321
perf10431252785@example.com,Perf@321
perf10900266344@example.com,Perf@321
perf11676111946@example.com,Perf@321
perf10274582081@example.com,Perf@321
perf10638916543@example.com,Perf@321
perf10433609599@example.com,Perf@321
perf10212236753@example.com,Perf@321
perf11065737692@example.com,Perf@321
perf12060176844@example.com,Perf@321
perf10154437517@example.com,Perf@321
perf10723884667@example.com,Perf@321
perf10365620171@example.com,Perf@321
perf11370148670@example.com,Perf@321
perf10571474382@example.com,Perf@321
perf10716815529@example.com,Perf@321
perf10250170721@example.com,Perf@321
perf11110337845@example.com,Perf@321
perf10911058226@example.com,Perf@321
perf11921391596@example.com,Perf@321
perf11669254771@example.com,Perf@321
perf10592238086@example.com,Perf@321
perf10041337462@example.com,Perf@321
perf10201620278@example.com,Perf@321
perf10192190915@example.com,Perf@321
perf11609308679@example.com,Perf@321
perf10813195289@example.com,Perf@321
perf11189184235@example.com,Perf@321
perf11567189683@example.com,Perf@321
perf11157238050@example.com,Perf@321
perf10454174660@example.com,Perf@321
perf11813042053@example.com,Perf@321
perf10686665158@example.com,Perf@321
perf10892034058@example.com,Perf@321
perf10880336149@example.com,Perf@321
perf11138836652@example.com,Perf@321
perf11965716838@example.com,Perf@321
perf10609034110@example.com,Perf@321
perf10335162597@example.com,Perf@321
perf10081888286@example.com,Perf@321
perf10990203005@example.com,Perf@321
perf11620528990@example.com,Perf@321
perf10075266069@example.com,Perf@321
perf11042650213@example.com,Perf@321
perf10341935701@example.com,Perf@321
perf12032392832@example.com,Perf@321
perf10396997484@example.com,Perf@321
perf12034912681@example.com,Perf@321
perf10619584405@example.com,Perf@321
perf12122423671@example.com,Perf@321
perf10047420820@example.com,Perf@321
perf10702171350@example.com,Perf@321
perf10387104470@example.com,Perf@321
perf11581571310@example.com,Perf@321
perf10154047984@example.com,Perf@321
perf11500578833@example.com,Perf@321
perf11065919426@example.com,Perf@321
perf11672826796@example.com,Perf@321
perf10044140955@example.com,Perf@321
perf11281327667@example.com,Perf@321
perf10847714419@example.com,Perf@321
perf10171336109@example.com,Perf@321
perf10719925600@example.com,Perf@321
perf11963230312@example.com,Perf@321
perf11041860290@example.com,Perf@321
perf10738378689@example.com,Perf@321
perf11142570308@example.com,Perf@321
perf11987942315@example.com,Perf@321
perf11623187326@example.com,Perf@321
perf11901780624@example.com,Perf@321
perf11191830744@example.com,Perf@321
perf11576008921@example.com,Perf@321
perf10829780480@example.com,Perf@321
perf11062587720@example.com,Perf@321
perf10759082646@example.com,Perf@321
perf10257935682@example.com,Perf@321
perf10816300529@example.com,Perf@321
perf11881326105@example.com,Perf@321
perf10019724943@example.com,Perf@321
perf11849438944@example.com,Perf@321
perf11830232442@example.com,Perf@321
perf10685096683@example.com,Perf@321
perf11658598880@example.com,Perf@321
perf12035263851@example.com,Perf@321
perf11577937575@example.com,Perf@321
perf11280031437@example.com,Perf@321
perf10755412115@example.com,Perf@321
perf10567498478@example.com,Perf@321
perf11847505718@example.com,Perf@321
perf10535702169@example.com,Perf@321
perf10935670988@example.com,Perf@321
perf12043920652@example.com,Perf@321
perf11825907204@example.com,Perf@321
perf11245020554@example.com,Perf@321
perf11417434937@example.com,Perf@321
perf10361325081@example.com,Perf@321
perf12055122353@example.com,Perf@321
perf10550888258@example.com,Perf@321
perf10495809913@example.com,Perf@321
perf11878857103@example.com,Perf@321
perf11091309009@example.com,Perf@321
perf10567494522@example.com,Perf@321
perf10749429819@example.com,Perf@321
perf10950718098@example.com,Perf@321
perf12089647615@example.com,Perf@321
perf11457849727@example.com,Perf@321
perf11696165539@example.com,Perf@321
perf10579063165@example.com,Perf@321
perf10740619335@example.com,Perf@321
perf11610343521@example.com,Perf@321
perf10158545148@example.com,Perf@321
perf11666521868@example.com,Perf@321
perf11162530533@example.com,Perf@321
perf12144268085@example.com,Perf@321
perf10017187489@example.com,Perf@321
perf10169959135@example.com,Perf@321
perf11571250510@example.com,Perf@321
perf11540879061@example.com,Perf@321
perf11905426458@example.com,Perf@321
perf12001589418@example.com,Perf@321
perf11905485006@example.com,Perf@321
perf10590856160@example.com,Perf@321
perf10261825935@example.com,Perf@321
perf10731099219@example.com,Perf@321
perf11239362258@example.com,Perf@321
perf11781169973@example.com,Perf@321
perf10712554603@example.com,Perf@321
perf10352386756@example.com,Perf@321
perf10662012036@example.com,Perf@321
perf10081023470@example.com,Perf@321
perf11854406574@example.com,Perf@321
perf11252459433@example.com,Perf@321
perf11454411244@example.com,Perf@321
perf11356561026@example.com,Perf@321
perf10674234055@example.com,Perf@321
perf11516256800@example.com,Perf@321
perf11242147938@example.com,Perf@321
perf11250387595@example.com,Perf@321
perf10534895185@example.com,Perf@321
perf11167203419@example.com,Perf@321
perf10790799456@example.com,Perf@321
perf11350416085@example.com,Perf@321
perf10855013237@example.com,Perf@321
perf10170937524@example.com,Perf@321
perf11383307786@example.com,Perf@321
perf11805530935@example.com,Perf@321
perf11992875930@example.com,Perf@321
perf10590663901@example.com,Perf@321
perf11131148456@example.com,Perf@321
perf11396674262@example.com,Perf@321
perf10791729593@example.com,Perf@321
perf10548477411@example.com,Perf@321
perf10168147880@example.com,Perf@321
perf10853384935@example.com,Perf@321
perf11380402001@example.com,Perf@321
perf11427052692@example.com,Perf@321
perf11294657619@example.com,Perf@321
perf10664394252@example.com,Perf@321
perf11892198536@example.com,Perf@321
perf10479092879@example.com,Perf@321
perf11564259430@example.com,Perf@321
perf12132668860@example.com,Perf@321
perf10249558682@example.com,Perf@321
perf11844151719@example.com,Perf@321
perf10992728716@example.com,Perf@321
perf10744127526@example.com,Perf@321
perf10612011483@example.com,Perf@321
perf10377738469@example.com,Perf@321
perf10988572815@example.com,Perf@321
perf10757379043@example.com,Perf@321
perf11122287538@example.com,Perf@321
perf10882266680@example.com,Perf@321
perf11906320974@example.com,Perf@321
perf10158595463@example.com,Perf@321
perf10226949655@example.com,Perf@321
perf10754893639@example.com,Perf@321
perf11610524580@example.com,Perf@321
perf10559896375@example.com,Perf@321
perf10801287693@example.com,Perf@321
perf10443440976@example.com,Perf@321
perf11418462889@example.com,Perf@321
perf11698078390@example.com,Perf@321
perf11128022841@example.com,Perf@321
perf11033481454@example.com,Perf@321
perf10345475331@example.com,Perf@321
perf11935213411@example.com,Perf@321
perf11058421176@example.com,Perf@321
perf10144469044@example.com,Perf@321
perf11974679933@example.com,Perf@321
perf10494915023@example.com,Perf@321
perf10848675622@example.com,Perf@321
perf11052741048@example.com,Perf@321
perf11221922717@example.com,Perf@321
perf11284049786@example.com,Perf@321
perf11956085619@example.com,Perf@321
perf11993930234@example.com,Perf@321
perf11734161047@example.com,Perf@321
perf10988478845@example.com,Perf@321
perf11112911050@example.com,Perf@321
perf11045166914@example.com,Perf@321
perf11481025276@example.com,Perf@321
perf10226422178@example.com,Perf@321
perf11275938242@example.com,Perf@321
perf11110880273@example.com,Perf@321
perf11835423281@example.com,Perf@321
perf10937799154@example.com,Perf@321
perf11266210326@example.com,Perf@321
perf12078581084@example.com,Perf@321
perf11954760439@example.com,Perf@321
perf11617920142@example.com,Perf@321
perf11517034664@example.com,Perf@321
perf10156527386@example.com,Perf@321
perf10307236930@example.com,Perf@321
perf12057836228@example.com,Perf@321
perf10551041873@example.com,Perf@321
perf10465247856@example.com,Perf@321
perf10387728382@example.com,Perf@321
perf11770058894@example.com,Perf@321
perf11037009823@example.com,Perf@321
perf12137215956@example.com,Perf@321
perf10665493406@example.com,Perf@321
perf11023187775@example.com,Perf@321
perf10167990003@example.com,Perf@321
perf11424645176@example.com,Perf@321
perf11723332733@example.com,Perf@321
perf11808521560@example.com,Perf@321
perf11707626419@example.com,Perf@321
perf11241811538@example.com,Perf@321
perf10960137140@example.com,Perf@321
perf10002438283@example.com,Perf@321
perf10739396514@example.com,Perf@321
perf10746808438@example.com,Perf@321
perf11791087739@example.com,Perf@321
perf10582762584@example.com,Perf@321
perf11467305067@example.com,Perf@321
perf10024299148@example.com,Perf@321
perf10724383035@example.com,Perf@321
perf11724930885@example.com,Perf@321
perf10256462462@example.com,Perf@321
perf10412385918@example.com,Perf@321
perf10561923547@example.com,Perf@321
perf11438014780@example.com,Perf@321
perf11702354442@example.com,Perf@321
perf10573070028@example.com,Perf@321
perf11803455084@example.com,Perf@321
perf11414458923@example.com,Perf@321
perf10594778479@example.com,Perf@321
perf11803801575@example.com,Perf@321
perf10698338700@example.com,Perf@321
perf11435198704@example.com,Perf@321
perf11259495042@example.com,Perf@321
perf11880340455@example.com,Perf@321
perf12125934563@example.com,Perf@321
perf11327524744@example.com,Perf@321
perf10360609991@example.com,Perf@321
perf11456791024@example.com,Perf@321
perf11984229943@example.com,Perf@321
perf11539276735@example.com,Perf@321
perf10044797908@example.com,Perf@321
perf11502539669@example.com,Perf@321
perf11419258241@example.com,Perf@321
perf10707941963@example.com,Perf@321
perf10375468162@example.com,Perf@321
perf10977567812@example.com,Perf@321
perf11243739894@example.com,Perf@321
perf10703738896@example.com,Perf@321
perf11204198713@example.com,Perf@321
perf10577701026@example.com,Perf@321
perf11754682905@example.com,Perf@321
perf10373166996@example.com,Perf@321
perf10277228828@example.com,Perf@321
perf10324823841@example.com,Perf@321
perf10285365178@example.com,Perf@321
perf11996924118@example.com,Perf@321
perf11680965368@example.com,Perf@321
perf12135281630@example.com,Perf@321
perf11848090480@example.com,Perf@321
perf10805456059@example.com,Perf@321
perf10861196113@example.com,Perf@321
perf12120074496@example.com,Perf@321
perf10424634802@example.com,Perf@321
perf11294410365@example.com,Perf@321
perf11190382553@example.com,Perf@321
perf12129833699@example.com,Perf@321
perf10189154653@example.com,Perf@321
perf10679233832@example.com,Perf@321
perf10712346434@example.com,Perf@321
perf10041158809@example.com,Perf@321
perf10055669972@example.com,Perf@321
perf12014229914@example.com,Perf@321
perf10741880050@example.com,Perf@321
perf10042178246@example.com,Perf@321
perf10524737977@example.com,Perf@321
perf12107639647@example.com,Perf@321
perf11617876351@example.com,Perf@321
perf10559415246@example.com,Perf@321
perf12110070502@example.com,Perf@321
perf11879238963@example.com,Perf@321
perf11001980335@example.com,Perf@321
perf11074486909@example.com,Perf@321
perf11534798507@example.com,Perf@321
perf11110581104@example.com,Perf@321
perf11173281867@example.com,Perf@321
perf10260717816@example.com,Perf@321
perf10446083805@example.com,Perf@321
perf12002464332@example.com,Perf@321
perf11465732616@example.com,Perf@321
perf10157403175@example.com,Perf@321
perf11766530189@example.com,Perf@321
perf10353077293@example.com,Perf@321
perf11731193951@example.com,Perf@321
perf10290541499@example.com,Perf@321
perf10253336429@example.com,Perf@321
perf11313867083@example.com,Perf@321
perf12013769269@example.com,Perf@321
perf10398499872@example.com,Perf@321
perf10112087772@example.com,Perf@321
perf10470546877@example.com,Perf@321
perf10018938349@example.com,Perf@321
perf11215021627@example.com,Perf@321
perf10447269824@example.com,Perf@321
perf12116013084@example.com,Perf@321
perf11827945480@example.com,Perf@321
perf10842954702@example.com,Perf@321
perf11914269961@example.com,Perf@321
perf11801714914@example.com,Perf@321
perf10021105908@example.com,Perf@321
perf11891194508@example.com,Perf@321
perf10579212500@example.com,Perf@321
perf10230979082@example.com,Perf@321
perf10679107729@example.com,Perf@321
perf11872841141@example.com,Perf@321
perf10376978073@example.com,Perf@321
perf10104315806@example.com,Perf@321
perf11651822511@example.com,Perf@321
perf10100127395@example.com,Perf@321
perf10700058240@example.com,Perf@321
perf11064373217@example.com,Perf@321
perf11310909463@example.com,Perf@321
perf10206289798@example.com,Perf@321
perf10126842041@example.com,Perf@321
perf11791470933@example.com,Perf@321
perf11725920525@example.com,Perf@321
perf11441560479@example.com,Perf@321
perf12048885369@example.com,Perf@321
perf10261976006@example.com,Perf@321
perf11840200200@example.com,Perf@321
perf10114812676@example.com,Perf@321
perf10910336739@example.com,Perf@321
perf10559651770@example.com,Perf@321
perf11354377789@example.com,Perf@321
perf10535899716@example.com,Perf@321
perf10796274220@example.com,Perf@321
perf10762902337@example.com,Perf@321
perf11667641550@example.com,Perf@321
perf10716972196@example.com,Perf@321
perf10690471956@example.com,Perf@321
perf11366371630@example.com,Perf@321
perf11520255652@example.com,Perf@321
perf11505420867@example.com,Perf@321
perf11404712158@example.com,Perf@321
perf11507172313@example.com,Perf@321
perf11593673944@example.com,Perf@321
perf12092696681@example.com,Perf@321
perf12131091931@example.com,Perf@321
perf10333097067@example.com,Perf@321
perf11023180985@example.com,Perf@321
perf11448689458@example.com,Perf@321
perf10673362021@example.com,Perf@321
perf10917017131@example.com,Perf@321
perf11309896759@example.com,Perf@321
perf10205254082@example.com,Perf@321
perf11508626092@example.com,Perf@321
perf10442912016@example.com,Perf@321
perf10073904885@example.com,Perf@321
perf10366908121@example.com,Perf@321
perf10744277880@example.com,Perf@321
perf11630785242@example.com,Perf@321
perf11481342697@example.com,Perf@321
perf10289160725@example.com,Perf@321
perf11522717730@example.com,Perf@321
perf11970906318@example.com,Perf@321
perf12021279031@example.com,Perf@321
perf12008659294@example.com,Perf@321
perf10548492131@example.com,Perf@321
perf10642561126@example.com,Perf@321
perf11166649714@example.com,Perf@321
perf11836057012@example.com,Perf@321
perf10858756326@example.com,Perf@321
perf11497739749@example.com,Perf@321
perf10920730376@example.com,Perf@321
perf11360537181@example.com,Perf@321
perf10099416245@example.com,Perf@321
perf10293534171@example.com,Perf@321
perf10365286034@example.com,Perf@321
perf10224675182@example.com,Perf@321
perf11365565444@example.com,Perf@321
perf11721475389@example.com,Perf@321
perf10134048168@example.com,Perf@321
perf11516285109@example.com,Perf@321
perf11727760289@example.com,Perf@321
perf11608318858@example.com,Perf@321
perf11654366397@example.com,Perf@321
perf11240485479@example.com,Perf@321
perf10140841584@example.com,Perf@321
perf10040725504@example.com,Perf@321
perf10397640809@example.com,Perf@321
perf11772516111@example.com,Perf@321
perf11961918395@example.com,Perf@321
perf11209922621@example.com,Perf@321
perf11669125572@example.com,Perf@321
perf10315064914@example.com,Perf@321
perf10431822677@example.com,Perf@321
perf10517647327@example.com,Perf@321
perf10020813343@example.com,Perf@321
perf10965990252@example.com,Perf@321
perf10187230678@example.com,Perf@321
perf10997412834@example.com,Perf@321
perf10947934300@example.com,Perf@321
perf11262212339@example.com,Perf@321
perf10280395604@example.com,Perf@321
perf11045231895@example.com,Perf@321
perf11742959746@example.com,Perf@321
perf11131380821@example.com,Perf@321
perf10494559409@example.com,Perf@321
perf10521534715@example.com,Perf@321
perf11874796422@example.com,Perf@321
perf11011920466@example.com,Perf@321
perf10487218800@example.com,Perf@321
perf10582699047@example.com,Perf@321
perf10167242864@example.com,Perf@321
perf11059286899@example.com,Perf@321
perf12111308378@example.com,Perf@321
perf11417128381@example.com,Perf@321
perf12119551767@example.com,Perf@321
perf10535512291@example.com,Perf@321
perf11344099759@example.com,Perf@321
perf10127230762@example.com,Perf@321
perf11566917522@example.com,Perf@321
perf11153590162@example.com,Perf@321
perf10733163035@example.com,Perf@321
perf11091056363@example.com,Perf@321
perf10276083168@example.com,Perf@321
perf11856102631@example.com,Perf@321
perf11019136147@example.com,Perf@321
perf11333922587@example.com,Perf@321
perf10598135375@example.com,Perf@321
perf11199865533@example.com,Perf@321
perf11661439319@example.com,Perf@321
perf11646846666@example.com,Perf@321
perf10309212171@example.com,Perf@321
perf10924913309@example.com,Perf@321
perf11753211961@example.com,Perf@321
perf10985722703@example.com,Perf@321
perf12119106913@example.com,Perf@321
perf10390276489@example.com,Perf@321
perf12088266518@example.com,Perf@321
perf11693486372@example.com,Perf@321
perf10050646651@example.com,Perf@321
perf10735509958@example.com,Perf@321
perf11070234526@example.com,Perf@321
perf12099076660@example.com,Perf@321
perf11187813552@example.com,Perf@321
perf11010588005@example.com,Perf@321
perf11892852905@example.com,Perf@321
perf10927202807@example.com,Perf@321
perf10079060754@example.com,Perf@321
perf10797178969@example.com,Perf@321
perf11262354773@example.com,Perf@321
perf10967981704@example.com,Perf@321
perf10786556127@example.com,Perf@321
perf11049091988@example.com,Perf@321
perf11840005390@example.com,Perf@321
perf11495537788@example.com,Perf@321
perf10316536403@example.com,Perf@321
perf10833583243@example.com,Perf@321
perf11483510923@example.com,Perf@321
perf10262006120@example.com,Perf@321
perf10536190243@example.com,Perf@321
perf11703529470@example.com,Perf@321
perf11935075894@example.com,Perf@321
perf12062443764@example.com,Perf@321
perf10665635005@example.com,Perf@321
perf11445028316@example.com,Perf@321
perf11474332389@example.com,Perf@321
perf10867698334@example.com,Perf@321
perf11066182683@example.com,Perf@321
perf12078426110@example.com,Perf@321
perf10908690586@example.com,Perf@321
perf10747935648@example.com,Perf@321
perf10875593803@example.com,Perf@321
perf11268860278@example.com,Perf@321
perf10438919602@example.com,Perf@321
perf11843267804@example.com,Perf@321
perf12072905893@example.com,Perf@321
perf11719797125@example.com,Perf@321
perf11572830740@example.com,Perf@321
perf10642136121@example.com,Perf@321
perf11766306261@example.com,Perf@321
perf11263204923@example.com,Perf@321
perf11417059060@example.com,Perf@321
perf10329839208@example.com,Perf@321
perf10914546645@example.com,Perf@321
perf11516681414@example.com,Perf@321
perf10730565035@example.com,Perf@321
perf10321803243@example.com,Perf@321
perf10203857919@example.com,Perf@321
perf11086626318@example.com,Perf@321
perf10361501150@example.com,Perf@321
perf10847027791@example.com,Perf@321
perf10699658529@example.com,Perf@321
perf11180903129@example.com,Perf@321
perf10975348656@example.com,Perf@321
perf11287415381@example.com,Perf@321
perf11631184588@example.com,Perf@321
perf11644663859@example.com,Perf@321
perf11910331791@example.com,Perf@321
perf11128409388@example.com,Perf@321
perf11971745531@example.com,Perf@321
perf11642905993@example.com,Perf@321
perf10375393543@example.com,Perf@321
perf12078347684@example.com,Perf@321
perf11506178897@example.com,Perf@321
perf11858171207@example.com,Perf@321
perf10146694106@example.com,Perf@321
perf12016473159@example.com,Perf@321
perf10226288046@example.com,Perf@321
perf11917224358@example.com,Perf@321
perf11808700695@example.com,Perf@321
perf11257272787@example.com,Perf@321
perf10375790932@example.com,Perf@321
perf11127910636@example.com,Perf@321
perf10566359571@example.com,Perf@321
perf11606358025@example.com,Perf@321
perf11670826474@example.com,Perf@321
perf11801212220@example.com,Perf@321
perf12074560383@example.com,Perf@321
perf10788397224@example.com,Perf@321
perf11175073005@example.com,Perf@321
perf11163127389@example.com,Perf@321
perf11128924792@example.com,Perf@321
perf11999339476@example.com,Perf@321
perf11581137682@example.com,Perf@321
perf11749627653@example.com,Perf@321
perf11311868995@example.com,Perf@321
perf11419700460@example.com,Perf@321
perf11230805880@example.com,Perf@321
perf10560510860@example.com,Perf@321
perf10981010275@example.com,Perf@321
perf10463697473@example.com,Perf@321
perf10341510190@example.com,Perf@321
perf10889624073@example.com,Perf@321
perf10814410533@example.com,Perf@321
perf10122777387@example.com,Perf@321
perf11395393589@example.com,Perf@321
perf11479459272@example.com,Perf@321
perf11410566119@example.com,Perf@321
perf12073728544@example.com,Perf@321
perf10637891650@example.com,Perf@321
perf11664862301@example.com,Perf@321
perf11722346775@example.com,Perf@321
perf11075519130@example.com,Perf@321
perf11603911879@example.com,Perf@321
perf11144467389@example.com,Perf@321
perf10623361270@example.com,Perf@321
perf11739530433@example.com,Perf@321
perf11385655207@example.com,Perf@321
perf11563726627@example.com,Perf@321
perf10497220303@example.com,Perf@321
perf10210057044@example.com,Perf@321
perf10125044871@example.com,Perf@321
perf10637205787@example.com,Perf@321
perf11967031908@example.com,Perf@321
perf11058114051@example.com,Perf@321
perf11865921824@example.com,Perf@321
perf11864325453@example.com,Perf@321
perf11022257623@example.com,Perf@321
perf10624424654@example.com,Perf@321
perf10204006755@example.com,Perf@321
perf10204424966@example.com,Perf@321
perf10948050403@example.com,Perf@321
perf10953904498@example.com,Perf@321
perf10231130211@example.com,Perf@321
perf12075973078@example.com,Perf@321
perf10624945659@example.com,Perf@321
perf10020319430@example.com,Perf@321
perf10571559244@example.com,Perf@321
perf11406808431@example.com,Perf@321
perf11507694905@example.com,Perf@321
perf10220082105@example.com,Perf@321
perf10092749054@example.com,Perf@321
perf11412969248@example.com,Perf@321
perf10437795360@example.com,Perf@321
perf10113923764@example.com,Perf@321
perf10196797810@example.com,Perf@321
perf10594745028@example.com,Perf@321
perf12037053870@example.com,Perf@321
perf10322755497@example.com,Perf@321
perf11669484194@example.com,Perf@321
perf11050147752@example.com,Perf@321
perf11930892955@example.com,Perf@321
perf11357947327@example.com,Perf@321
perf10854167672@example.com,Perf@321
perf11685592340@example.com,Perf@321
perf10292197566@example.com,Perf@321
perf11480920819@example.com,Perf@321
perf10336741527@example.com,Perf@321
perf11844966513@example.com,Perf@321
perf11500675219@example.com,Perf@321
perf10317563508@example.com,Perf@321
perf11574452305@example.com,Perf@321
perf10563496334@example.com,Perf@321
perf11451591576@example.com,Perf@321
perf10644111651@example.com,Perf@321
perf10279750675@example.com,Perf@321
perf10371540454@example.com,Perf@321
perf11038608242@example.com,Perf@321
perf11870670798@example.com,Perf@321
perf10576042887@example.com,Perf@321
perf10998604578@example.com,Perf@321
perf11806260872@example.com,Perf@321
perf11176541165@example.com,Perf@321
perf10338687853@example.com,Perf@321
perf10450900189@example.com,Perf@321
perf10491005929@example.com,Perf@321
perf11541274804@example.com,Perf@321
perf11476980727@example.com,Perf@321
perf10492965820@example.com,Perf@321
perf12120042873@example.com,Perf@321
perf10699461322@example.com,Perf@321
perf10160792414@example.com,Perf@321
perf11191290391@example.com,Perf@321
perf10231354508@example.com,Perf@321
perf10429985917@example.com,Perf@321
perf10763172701@example.com,Perf@321
perf12136962827@example.com,Perf@321
perf10901111001@example.com,Perf@321
perf11951520751@example.com,Perf@321
perf10351020065@example.com,Perf@321
perf11646371470@example.com,Perf@321
perf11498637403@example.com,Perf@321
perf11399565675@example.com,Perf@321
perf11880839849@example.com,Perf@321
perf11165650515@example.com,Perf@321
perf10732353884@example.com,Perf@321
perf10310269574@example.com,Perf@321
perf12033049612@example.com,Perf@321
perf10659860695@example.com,Perf@321
perf11866841088@example.com,Perf@321
perf12015190416@example.com,Perf@321
perf10720340259@example.com,Perf@321
perf10724949308@example.com,Perf@321
perf10500584252@example.com,Perf@321
perf10368441879@example.com,Perf@321
perf11057298986@example.com,Perf@321
perf11452062272@example.com,Perf@321
perf11055842523@example.com,Perf@321
perf10262190824@example.com,Perf@321
perf12013414032@example.com,Perf@321
perf10931601101@example.com,Perf@321
perf10957184358@example.com,Perf@321
perf10768445522@example.com,Perf@321
perf11908068730@example.com,Perf@321
perf10028714308@example.com,Perf@321
perf11807342433@example.com,Perf@321
perf11309142409@example.com,Perf@321
perf11383457382@example.com,Perf@321
perf11345161096@example.com,Perf@321
perf11073148513@example.com,Perf@321
perf11077344205@example.com,Perf@321
perf11089551402@example.com,Perf@321
perf10288976346@example.com,Perf@321
perf11741617062@example.com,Perf@321
perf10748286087@example.com,Perf@321
perf11529301990@example.com,Perf@321
perf10755312974@example.com,Perf@321
perf10911002992@example.com,Perf@321
perf11393031661@example.com,Perf@321
perf11122924159@example.com,Perf@321
perf10277263875@example.com,Perf@321
perf11816765520@example.com,Perf@321
perf11028619788@example.com,Perf@321
perf10402427447@example.com,Perf@321
perf11489667767@example.com,Perf@321
perf11119104381@example.com,Perf@321
perf10268236529@example.com,Perf@321
perf10074431070@example.com,Perf@321
perf11782108023@example.com,Perf@321
perf12052697160@example.com,Perf@321
perf11779373757@example.com,Perf@321
perf11066412269@example.com,Perf@321
perf11744324810@example.com,Perf@321
perf10256371124@example.com,Perf@321
perf10747352239@example.com,Perf@321
perf11379059051@example.com,Perf@321
perf11698589099@example.com,Perf@321
perf11911491371@example.com,Perf@321
perf11985756870@example.com,Perf@321
perf10686235969@example.com,Perf@321
perf10426762495@example.com,Perf@321
perf10022677721@example.com,Perf@321
perf10178456764@example.com,Perf@321
perf11506974130@example.com,Perf@321
perf10094892839@example.com,Perf@321
perf10518038572@example.com,Perf@321
perf10328562303@example.com,Perf@321
perf11042828794@example.com,Perf@321
perf11260292280@example.com,Perf@321
perf11561294440@example.com,Perf@321
perf10178150271@example.com,Perf@321
perf10384781964@example.com,Perf@321
perf10589886369@example.com,Perf@321
perf12132141567@example.com,Perf@321
perf11721400463@example.com,Perf@321
perf10788356136@example.com,Perf@321
perf10125462692@example.com,Perf@321
perf11861187543@example.com,Perf@321
perf12069735514@example.com,Perf@321
perf11894225624@example.com,Perf@321
perf11586018733@example.com,Perf@321
perf12134000522@example.com,Perf@321
perf11802769006@example.com,Perf@321
perf11591947500@example.com,Perf@321
perf10054551697@example.com,Perf@321
perf10811181610@example.com,Perf@321
perf11861398899@example.com,Perf@321
perf11233695925@example.com,Perf@321
perf10806674376@example.com,Perf@321
perf10528090659@example.com,Perf@321
perf11276002472@example.com,Perf@321
perf10540334060@example.com,Perf@321
perf10978031847@example.com,Perf@321
perf11264762215@example.com,Perf@321
perf11706619106@example.com,Perf@321
perf10704313953@example.com,Perf@321
perf11822836810@example.com,Perf@321
perf11100240158@example.com,Perf@321
perf11412992629@example.com,Perf@321
perf10040030902@example.com,Perf@321
perf11658824237@example.com,Perf@321
perf11572075874@example.com,Perf@321
perf10419651334@example.com,Perf@321
perf11672737273@example.com,Perf@321
perf10513898761@example.com,Perf@321
perf11392853188@example.com,Perf@321
perf10018894512@example.com,Perf@321
perf11907084293@example.com,Perf@321
perf10141174672@example.com,Perf@321
perf10614381077@example.com,Perf@321
perf10094838706@example.com,Perf@321
perf10271262010@example.com,Perf@321
perf10865134147@example.com,Perf@321
perf10104081905@example.com,Perf@321
perf10652247196@example.com,Perf@321
perf12075971374@example.com,Perf@321
perf10117968601@example.com,Perf@321
perf11204619519@example.com,Perf@321
perf10160363735@example.com,Perf@321
perf11225791554@example.com,Perf@321
perf10937812023@example.com,Perf@321
perf10813840973@example.com,Perf@321
perf11465455968@example.com,Perf@321
perf10658041770@example.com,Perf@321
perf11107327075@example.com,Perf@321
perf10732887123@example.com,Perf@321
perf10669594959@example.com,Perf@321
perf12109074539@example.com,Perf@321
perf11071122614@example.com,Perf@321
perf10035934561@example.com,Perf@321
perf10824586170@example.com,Perf@321
perf11067020611@example.com,Perf@321
perf11728149523@example.com,Perf@321
perf10861283608@example.com,Perf@321
perf10225743766@example.com,Perf@321
perf11676953256@example.com,Perf@321
perf11949188743@example.com,Perf@321
perf11256059335@example.com,Perf@321
perf11643304850@example.com,Perf@321
perf11512291402@example.com,Perf@321
perf10280443496@example.com,Perf@321
perf10669943779@example.com,Perf@321
perf11182099870@example.com,Perf@321
perf10141055413@example.com,Perf@321
perf10172174784@example.com,Perf@321
perf11624194069@example.com,Perf@321
perf10682781929@example.com,Perf@321
perf11344037341@example.com,Perf@321
perf10700435350@example.com,Perf@321
perf11382510334@example.com,Perf@321
perf10279765857@example.com,Perf@321
perf10155975286@example.com,Perf@321
perf10372483660@example.com,Perf@321
perf11472386583@example.com,Perf@321
perf10697914694@example.com,Perf@321
perf12128095136@example.com,Perf@321
perf11015480259@example.com,Perf@321
perf11797154222@example.com,Perf@321
perf11209392859@example.com,Perf@321
perf11213836024@example.com,Perf@321
perf11577061751@example.com,Perf@321
perf11817162959@example.com,Perf@321
perf10462391691@example.com,Perf@321
perf11551194538@example.com,Perf@321
perf10944895842@example.com,Perf@321
perf11153302828@example.com,Perf@321
perf11616719932@example.com,Perf@321
perf11685499864@example.com,Perf@321
perf10492388112@example.com,Perf@321
perf11592508029@example.com,Perf@321
perf10471541269@example.com,Perf@321
perf10298563563@example.com,Perf@321
perf11600185067@example.com,Perf@321
perf11777504131@example.com,Perf@321
perf11476676834@example.com,Perf@321
perf11942295849@example.com,Perf@321
perf10326407097@example.com,Perf@321
perf10355691112@example.com,Perf@321
perf11738577831@example.com,Perf@321
perf11394341754@example.com,Perf@321
perf12078676998@example.com,Perf@321
perf12002154759@example.com,Perf@321
perf10963464442@example.com,Perf@321
perf11949189266@example.com,Perf@321
perf11557395280@example.com,Perf@321
perf11926933214@example.com,Perf@321
perf10283670158@example.com,Perf@321
perf10719419279@example.com,Perf@321
perf11149537015@example.com,Perf@321
perf10764274480@example.com,Perf@321
perf10083706227@example.com,Perf@321
perf10806295984@example.com,Perf@321
perf10041748426@example.com,Perf@321
perf12040706571@example.com,Perf@321
perf11129903371@example.com,Perf@321
perf10378859637@example.com,Perf@321
perf11995120099@example.com,Perf@321
perf10453124235@example.com,Perf@321
perf10560206879@example.com,Perf@321
perf11671460031@example.com,Perf@321
perf10696728030@example.com,Perf@321
perf11297977673@example.com,Perf@321
perf11469858405@example.com,Perf@321
perf10612216873@example.com,Perf@321
perf10110895971@example.com,Perf@321
perf10142727144@example.com,Perf@321
perf10199276837@example.com,Perf@321
perf11999384504@example.com,Perf@321
perf10822688423@example.com,Perf@321
perf11054295277@example.com,Perf@321
perf11039715551@example.com,Perf@321
perf12086920622@example.com,Perf@321
perf10930956683@example.com,Perf@321
perf11551486476@example.com,Perf@321
perf10717593048@example.com,Perf@321
perf10582714148@example.com,Perf@321
perf10142347629@example.com,Perf@321
perf11016388659@example.com,Perf@321
perf10096067929@example.com,Perf@321
perf11603568744@example.com,Perf@321
perf12125868452@example.com,Perf@321
perf10718995033@example.com,Perf@321
perf11859548306@example.com,Perf@321
perf10032940649@example.com,Perf@321
perf11572291828@example.com,Perf@321
perf10686230488@example.com,Perf@321
perf10639759302@example.com,Perf@321
perf10010443226@example.com,Perf@32
